<?xml version="1.0" encoding="UTF-8" ?>
<!DOCTYPE mapper PUBLIC "-//mybatis.org//DTD Mapper 3.0//EN" "http://mybatis.org/dtd/mybatis-3-mapper.dtd" >
<mapper namespace="org.bibr.cloudpower.module.dao.BibrThirdLogMapper" >
  <resultMap id="BaseResultMap" type="org.bibr.cloudpower.module.bean.po.BibrThirdLog" >
    <id column="id" property="id" jdbcType="VARCHAR" />
    <result column="user_id" property="userId" jdbcType="VARCHAR" />
    <result column="member_id" property="memberId" jdbcType="VARCHAR" />
    <result column="content" property="content" jdbcType="VARCHAR" />
    <result column="reg_time" property="regTime" jdbcType="TIMESTAMP" />
    <result column="third_id" property="thirdId" jdbcType="INTEGER" />
  </resultMap>
  <sql id="Base_Column_List" >
    id, user_id, member_id, content, reg_time, third_id
  </sql>
  <select id="selectByPrimaryKey" resultMap="BaseResultMap" parameterType="java.lang.String" >
    select 
    <include refid="Base_Column_List" />
    from bibr_third_log
    where id = #{id,jdbcType=VARCHAR}
  </select>
  <delete id="deleteByPrimaryKey" parameterType="java.lang.String" >
    delete from bibr_third_log
    where id = #{id,jdbcType=VARCHAR}
  </delete>
  <insert id="insert" parameterType="org.bibr.cloudpower.module.bean.po.BibrThirdLog" >
    insert into bibr_third_log (id, user_id, member_id, 
      content, reg_time, third_id
      )
    values (#{id,jdbcType=VARCHAR}, #{userId,jdbcType=VARCHAR}, #{memberId,jdbcType=VARCHAR}, 
      #{content,jdbcType=VARCHAR}, #{regTime,jdbcType=TIMESTAMP}, #{thirdId,jdbcType=INTEGER}
      )
  </insert>
  <insert id="insertSelective" parameterType="org.bibr.cloudpower.module.bean.po.BibrThirdLog" >
    insert into bibr_third_log
    <trim prefix="(" suffix=")" suffixOverrides="," >
      <if test="id != null" >
        id,
      </if>
      <if test="userId != null" >
        user_id,
      </if>
      <if test="memberId != null" >
        member_id,
      </if>
      <if test="content != null" >
        content,
      </if>
      <if test="regTime != null" >
        reg_time,
      </if>
      <if test="thirdId != null" >
        third_id,
      </if>
    </trim>
    <trim prefix="values (" suffix=")" suffixOverrides="," >
      <if test="id != null" >
        #{id,jdbcType=VARCHAR},
      </if>
      <if test="userId != null" >
        #{userId,jdbcType=VARCHAR},
      </if>
      <if test="memberId != null" >
        #{memberId,jdbcType=VARCHAR},
      </if>
      <if test="content != null" >
        #{content,jdbcType=VARCHAR},
      </if>
      <if test="regTime != null" >
        #{regTime,jdbcType=TIMESTAMP},
      </if>
      <if test="thirdId != null" >
        #{thirdId,jdbcType=INTEGER},
      </if>
    </trim>
  </insert>
  <update id="updateByPrimaryKeySelective" parameterType="org.bibr.cloudpower.module.bean.po.BibrThirdLog" >
    update bibr_third_log
    <set >
      <if test="userId != null" >
        user_id = #{userId,jdbcType=VARCHAR},
      </if>
      <if test="memberId != null" >
        member_id = #{memberId,jdbcType=VARCHAR},
      </if>
      <if test="content != null" >
        content = #{content,jdbcType=VARCHAR},
      </if>
      <if test="regTime != null" >
        reg_time = #{regTime,jdbcType=TIMESTAMP},
      </if>
      <if test="thirdId != null" >
        third_id = #{thirdId,jdbcType=INTEGER},
      </if>
    </set>
    where id = #{id,jdbcType=VARCHAR}
  </update>
  <update id="updateByPrimaryKey" parameterType="org.bibr.cloudpower.module.bean.po.BibrThirdLog" >
    update bibr_third_log
    set user_id = #{userId,jdbcType=VARCHAR},
      member_id = #{memberId,jdbcType=VARCHAR},
      content = #{content,jdbcType=VARCHAR},
      reg_time = #{regTime,jdbcType=TIMESTAMP},
      third_id = #{thirdId,jdbcType=INTEGER}
    where id = #{id,jdbcType=VARCHAR}
  </update>
</mapper>