<?xml version="1.0" encoding="UTF-8" ?>
<!DOCTYPE mapper PUBLIC "-//mybatis.org//DTD Mapper 3.0//EN" "http://mybatis.org/dtd/mybatis-3-mapper.dtd" >
<mapper namespace="org.bibr.cloudpower.module.dao.BibrThirdWhiteListMapper" >
  <resultMap id="BaseResultMap" type="org.bibr.cloudpower.module.bean.po.BibrThirdWhiteList" >
    <id column="id" property="id" jdbcType="INTEGER" />
    <result column="third_id" property="thirdId" jdbcType="INTEGER" />
    <result column="third_ip" property="thirdIp" jdbcType="VARCHAR" />
    <result column="reg_time" property="regTime" jdbcType="TIMESTAMP" />
  </resultMap>
  <sql id="Base_Column_List" >
    id, third_id, third_ip, reg_time
  </sql>
  <select id="selectByPrimaryKey" resultMap="BaseResultMap" parameterType="java.lang.Integer" >
    select 
    <include refid="Base_Column_List" />
    from bibr_third_white_list
    where id = #{id,jdbcType=INTEGER}
  </select>
  <delete id="deleteByPrimaryKey" parameterType="java.lang.Integer" >
    delete from bibr_third_white_list
    where id = #{id,jdbcType=INTEGER}
  </delete>
  <insert id="insert" parameterType="org.bibr.cloudpower.module.bean.po.BibrThirdWhiteList" >
    insert into bibr_third_white_list (id, third_id, third_ip, 
      reg_time)
    values (#{id,jdbcType=INTEGER}, #{thirdId,jdbcType=INTEGER}, #{thirdIp,jdbcType=VARCHAR}, 
      #{regTime,jdbcType=TIMESTAMP})
  </insert>
  <insert id="insertSelective" parameterType="org.bibr.cloudpower.module.bean.po.BibrThirdWhiteList" >
    insert into bibr_third_white_list
    <trim prefix="(" suffix=")" suffixOverrides="," >
      <if test="id != null" >
        id,
      </if>
      <if test="thirdId != null" >
        third_id,
      </if>
      <if test="thirdIp != null" >
        third_ip,
      </if>
      <if test="regTime != null" >
        reg_time,
      </if>
    </trim>
    <trim prefix="values (" suffix=")" suffixOverrides="," >
      <if test="id != null" >
        #{id,jdbcType=INTEGER},
      </if>
      <if test="thirdId != null" >
        #{thirdId,jdbcType=INTEGER},
      </if>
      <if test="thirdIp != null" >
        #{thirdIp,jdbcType=VARCHAR},
      </if>
      <if test="regTime != null" >
        #{regTime,jdbcType=TIMESTAMP},
      </if>
    </trim>
  </insert>
  <update id="updateByPrimaryKeySelective" parameterType="org.bibr.cloudpower.module.bean.po.BibrThirdWhiteList" >
    update bibr_third_white_list
    <set >
      <if test="thirdId != null" >
        third_id = #{thirdId,jdbcType=INTEGER},
      </if>
      <if test="thirdIp != null" >
        third_ip = #{thirdIp,jdbcType=VARCHAR},
      </if>
      <if test="regTime != null" >
        reg_time = #{regTime,jdbcType=TIMESTAMP},
      </if>
    </set>
    where id = #{id,jdbcType=INTEGER}
  </update>
  <update id="updateByPrimaryKey" parameterType="org.bibr.cloudpower.module.bean.po.BibrThirdWhiteList" >
    update bibr_third_white_list
    set third_id = #{thirdId,jdbcType=INTEGER},
      third_ip = #{thirdIp,jdbcType=VARCHAR},
      reg_time = #{regTime,jdbcType=TIMESTAMP}
    where id = #{id,jdbcType=INTEGER}
  </update>
  
<!-- 以下为新增 -->
  <select id="selectWhiteList" resultType="java.lang.String" >
    select 
    third_ip
    from bibr_third_white_list
  </select>

</mapper>