<?xml version="1.0" encoding="UTF-8" ?>
<!DOCTYPE mapper PUBLIC "-//mybatis.org//DTD Mapper 3.0//EN" "http://mybatis.org/dtd/mybatis-3-mapper.dtd" >
<mapper namespace="org.bibr.cloudpower.module.dao.BibrThirdUserMapper" >
  <resultMap id="BaseResultMap" type="org.bibr.cloudpower.module.bean.po.BibrThirdUser" >
    <id column="id" property="id" jdbcType="VARCHAR" />
    <result column="mobile" property="mobile" jdbcType="VARCHAR" />
    <result column="member_id" property="memberId" jdbcType="VARCHAR" />
    <result column="user_id" property="userId" jdbcType="VARCHAR" />
    <result column="third_id" property="thirdId" jdbcType="INTEGER" />
    <result column="user_level" property="userLevel" jdbcType="INTEGER" />
  </resultMap>
  <sql id="Base_Column_List" >
    id, mobile, member_id, user_id, third_id, user_level
  </sql>
  <select id="selectByPrimaryKey" resultMap="BaseResultMap" parameterType="java.lang.String" >
    select 
    <include refid="Base_Column_List" />
    from bibr_third_user
    where id = #{id,jdbcType=VARCHAR}
  </select>
  <delete id="deleteByPrimaryKey" parameterType="java.lang.String" >
    delete from bibr_third_user
    where id = #{id,jdbcType=VARCHAR}
  </delete>
  <insert id="insert" parameterType="org.bibr.cloudpower.module.bean.po.BibrThirdUser" >
    insert into bibr_third_user (id, mobile, member_id, 
      user_id, third_id, user_level
      )
    values (#{id,jdbcType=VARCHAR}, #{mobile,jdbcType=VARCHAR}, #{memberId,jdbcType=VARCHAR}, 
      #{userId,jdbcType=VARCHAR}, #{thirdId,jdbcType=INTEGER}, #{userLevel,jdbcType=INTEGER}
      )
  </insert>
  <insert id="insertSelective" parameterType="org.bibr.cloudpower.module.bean.po.BibrThirdUser" >
    insert into bibr_third_user
    <trim prefix="(" suffix=")" suffixOverrides="," >
      <if test="id != null" >
        id,
      </if>
      <if test="mobile != null" >
        mobile,
      </if>
      <if test="memberId != null" >
        member_id,
      </if>
      <if test="userId != null" >
        user_id,
      </if>
      <if test="thirdId != null" >
        third_id,
      </if>
      <if test="userLevel != null" >
        user_level,
      </if>
    </trim>
    <trim prefix="values (" suffix=")" suffixOverrides="," >
      <if test="id != null" >
        #{id,jdbcType=VARCHAR},
      </if>
      <if test="mobile != null" >
        #{mobile,jdbcType=VARCHAR},
      </if>
      <if test="memberId != null" >
        #{memberId,jdbcType=VARCHAR},
      </if>
      <if test="userId != null" >
        #{userId,jdbcType=VARCHAR},
      </if>
      <if test="thirdId != null" >
        #{thirdId,jdbcType=INTEGER},
      </if>
      <if test="userLevel != null" >
        #{userLevel,jdbcType=INTEGER},
      </if>
    </trim>
  </insert>
  <update id="updateByPrimaryKeySelective" parameterType="org.bibr.cloudpower.module.bean.po.BibrThirdUser" >
    update bibr_third_user
    <set >
      <if test="mobile != null" >
        mobile = #{mobile,jdbcType=VARCHAR},
      </if>
      <if test="memberId != null" >
        member_id = #{memberId,jdbcType=VARCHAR},
      </if>
      <if test="userId != null" >
        user_id = #{userId,jdbcType=VARCHAR},
      </if>
      <if test="thirdId != null" >
        third_id = #{thirdId,jdbcType=INTEGER},
      </if>
      <if test="userLevel != null" >
        user_level = #{userLevel,jdbcType=INTEGER},
      </if>
    </set>
    where id = #{id,jdbcType=VARCHAR}
  </update>
  <update id="updateByPrimaryKey" parameterType="org.bibr.cloudpower.module.bean.po.BibrThirdUser" >
    update bibr_third_user
    set mobile = #{mobile,jdbcType=VARCHAR},
      member_id = #{memberId,jdbcType=VARCHAR},
      user_id = #{userId,jdbcType=VARCHAR},
      third_id = #{thirdId,jdbcType=INTEGER},
      user_level = #{userLevel,jdbcType=INTEGER}
    where id = #{id,jdbcType=VARCHAR}
  </update>

<!-- 以下为新增 -->
  <select id="selectByMap" resultMap="BaseResultMap" parameterType="map" >
    select 
    <include refid="Base_Column_List" />
    from bibr_third_user
    where 1 = 1
    <if test="userId != null">
    and user_id = #{userId,jdbcType=VARCHAR}
    </if>
    <if test= "memberId != null">
    and member_id = #{memberId,jdbcType=VARCHAR}
    </if>
    <if test= "mobile != null">
    and mobile = #{mobile,jdbcType=VARCHAR}
    </if>
  </select>
  
  <select id="selectByMemberIds" resultMap="BaseResultMap" parameterType="map" >
    select 
    <include refid="Base_Column_List" />
    from bibr_third_user
    where 
    member_id in
		<foreach item="item" index="index" collection="memberIds" open="("
			separator="," close=")">
			#{item}
		</foreach>
  </select>
</mapper>